{
  "auth": {
    "user_pool_id": "us-east-2_DtWxAlsh4",
    "aws_region": "us-east-2",
    "user_pool_client_id": "7vheq1unip8rh44slv5b1nmk52",
    "identity_pool_id": "us-east-2:f3963ca9-d042-4c4d-96ff-f21a07ca0191",
    "mfa_methods": [],
    "standard_required_attributes": [
      "email"
    ],
    "username_attributes": [
      "email"
    ],
    "user_verification_types": [
      "email"
    ],
    "mfa_configuration": "NONE",
    "password_policy": {
      "min_length": 8,
      "require_lowercase": true,
      "require_numbers": true,
      "require_symbols": true,
      "require_uppercase": true
    },
    "unauthenticated_identities_enabled": true
  },
  "data": {
    "url": "https://dbnrzdkvobafzgttu5jy2ydw7a.appsync-api.us-east-2.amazonaws.com/graphql",
    "aws_region": "us-east-2",
    "default_authorization_type": "AMAZON_COGNITO_USER_POOLS",
    "authorization_types": [
      "AWS_IAM"
    ],
    "model_introspection": {
      "version": 1,
      "models": {
        "Todo": {
          "name": "Todo",
          "fields": {
            "id": {
              "name": "id",
              "isArray": false,
              "type": "ID",
              "isRequired": true,
              "attributes": []
            },
            "content": {
              "name": "content",
              "isArray": false,
              "type": "String",
              "isRequired": false,
              "attributes": []
            },
            "isDone": {
              "name": "isDone",
              "isArray": false,
              "type": "Boolean",
              "isRequired": true,
              "attributes": []
            },
            "createdAt": {
              "name": "createdAt",
              "isArray": false,
              "type": "AWSDateTime",
              "isRequired": false,
              "attributes": [],
              "isReadOnly": true
            },
            "updatedAt": {
              "name": "updatedAt",
              "isArray": false,
              "type": "AWSDateTime",
              "isRequired": false,
              "attributes": [],
              "isReadOnly": true
            }
          },
          "syncable": true,
          "pluralName": "Todos",
          "attributes": [
            {
              "type": "model",
              "properties": {}
            },
            {
              "type": "auth",
              "properties": {
                "rules": [
                  {
                    "provider": "userPools",
                    "ownerField": "owner",
                    "allow": "owner",
                    "identityClaim": "cognito:username",
                    "operations": [
                      "create",
                      "update",
                      "delete",
                      "read"
                    ]
                  }
                ]
              }
            }
          ],
          "primaryKeyInfo": {
            "isCustomPrimaryKey": false,
            "primaryKeyFieldName": "id",
            "sortKeyFieldNames": []
          }
        }
      },
      "enums": {},
      "nonModels": {}
    }
  },
  "storage": {
    "aws_region": "us-east-2",
    "bucket_name": "amplify-d211617nb2m4es-ma-amplifyteamdrivebucket28-yl5butyvhjq8",
    "buckets": [
      {
        "name": "amplifyTeamDrive",
        "bucket_name": "amplify-d211617nb2m4es-ma-amplifyteamdrivebucket28-yl5butyvhjq8",
        "aws_region": "us-east-2",
        "paths": {
          "user-videos/{identity_id}/*": {
            "guest": [
              "get",
              "list"
            ],
            "authenticated": [
              "get",
              "list",
              "write",
              "delete"
            ]
          }
        }
      }
    ]
  },
  "version": "1.3"
}
